hand_size,total,method,samples,seed,ability_probability,two_options_probability,two_disjoint_activations_probability,two_disjoint_ci95_low,two_disjoint_ci95_high
4,2,monte_carlo,5000,20261919,0.025,0.0006,0,0,0.000767730137580694
4,3,monte_carlo,5000,20261919,0.0602,0.0066,0,0,0.000767730137580694
4,4,monte_carlo,5000,20261919,0.0912,0.0074,0,0,0.000767730137580694
4,5,monte_carlo,5000,20261919,0.1282,0.0182,0.002,0.0010867350406975989,0.003677924176332773
4,6,monte_carlo,5000,20261919,0.1634,0.0214,0.0018,0.0009472826989451401,0.0034176836101402633
4,7,monte_carlo,5000,20261919,0.2088,0.0348,0.004,0.0025909223507485585,0.006170665945731489
4,8,monte_carlo,5000,20261919,0.238,0.036,0.0054,0.003713916213769333,0.00784552243832549
4,9,monte_carlo,5000,20261919,0.284,0.0498,0.0062,0.004371360588064539,0.008786849695810154
4,10,monte_carlo,5000,20261919,0.3138,0.0558,0.0068,0.004870303811000636,0.00948698519670896
4,11,monte_carlo,5000,20261919,0.472,0.1688,0.021,0.01737788075604151,0.025357604715760807
4,12,monte_carlo,5000,20261919,0.478,0.1678,0.0216,0.017922572597974227,0.02601199159766299
4,13,monte_carlo,5000,20261919,0.4646,0.1576,0.0172,0.013949165667525344,0.021192154553322576
4,14,monte_carlo,5000,20261919,0.4724,0.159,0.0108,0.00828714962565902,0.014063997540949934
4,15,monte_carlo,5000,20261919,0.4644,0.169,0.0118,0.009159379464301861,0.015190232242031929
4,16,monte_carlo,5000,20261919,0.4588,0.1576,0.0084,0.006220620278197563,0.011334211993071774
4,17,monte_carlo,5000,20261919,0.4456,0.1538,0.005,0.0033890775204861016,0.007370975315718786
4,18,monte_carlo,5000,20261919,0.425,0.1498,0.0044,0.00290754291665071,0.006653431195719275
4,19,monte_carlo,5000,20261919,0.4142,0.1494,0.0046,0.003067229476888848,0.006893437543426104
4,20,monte_carlo,5000,20261919,0.593,0.1338,0.0064,0.0045371596862706365,0.009020743505549026
4,21,monte_carlo,5000,20261919,0.305,0.0596,0,0,0.000767730137580694
4,22,monte_carlo,5000,20261919,0.274,0.045,0,0,0.000767730137580694
4,23,monte_carlo,5000,20261919,0.252,0.0376,0,0,0.000767730137580694
4,24,monte_carlo,5000,20261919,0.2328,0.0326,0,0,0.000767730137580694
4,25,monte_carlo,5000,20261919,0.212,0.034,0,0,0.000767730137580694
4,26,monte_carlo,5000,20261919,0.188,0.0238,0,0,0.000767730137580694
4,27,monte_carlo,5000,20261919,0.164,0.0218,0,0,0.000767730137580694
4,28,monte_carlo,5000,20261919,0.1404,0.0162,0,0,0.000767730137580694
4,29,monte_carlo,5000,20261919,0.1274,0.0138,0,0,0.000767730137580694
4,30,monte_carlo,5000,20261919,0.1394,0.0064,0,0,0.000767730137580694
4,31,monte_carlo,5000,20261919,0.0568,0,0,0,0.000767730137580694
4,32,monte_carlo,5000,20261919,0.0418,0,0,0,0.000767730137580694
4,33,monte_carlo,5000,20261919,0.0366,0,0,0,0.000767730137580694
4,34,monte_carlo,5000,20261919,0.0284,0,0,0,0.000767730137580694
4,35,monte_carlo,5000,20261919,0.0282,0,0,0,0.000767730137580694
4,36,monte_carlo,5000,20261919,0.021,0,0,0,0.000767730137580694
4,37,monte_carlo,5000,20261919,0.016,0,0,0,0.000767730137580694
4,38,monte_carlo,5000,20261919,0.014,0,0,0,0.000767730137580694
4,39,monte_carlo,5000,20261919,0.0092,0,0,0,0.000767730137580694
4,40,monte_carlo,5000,20261919,0.0064,0,0,0,0.000767730137580694
4,41,monte_carlo,5000,20261919,0,0,0,0,0.000767730137580694
4,42,monte_carlo,5000,20261919,0,0,0,0,0.000767730137580694
4,43,monte_carlo,5000,20261919,0,0,0,0,0.000767730137580694
4,44,monte_carlo,5000,20261919,0,0,0,0,0.000767730137580694
4,45,monte_carlo,5000,20261919,0,0,0,0,0.000767730137580694
4,46,monte_carlo,5000,20261919,0,0,0,0,0.000767730137580694
4,47,monte_carlo,5000,20261919,0,0,0,0,0.000767730137580694
4,48,monte_carlo,5000,20261919,0,0,0,0,0.000767730137580694
4,49,monte_carlo,5000,20261919,0,0,0,0,0.000767730137580694
4,50,monte_carlo,5000,20261919,0,0,0,0,0.000767730137580694
5,2,monte_carlo,5000,20261920,0.0434,0.0022,0,0,0.000767730137580694
5,3,monte_carlo,5000,20261920,0.1,0.0202,0.0004,0.0001096989857531115,0.001457416967717518
5,4,monte_carlo,5000,20261920,0.1512,0.0208,0.0024,0.001373451819731108,0.004190593213189199
5,5,monte_carlo,5000,20261920,0.2094,0.0442,0.0038,0.002434119240930543,0.005927776147604539
5,6,monte_carlo,5000,20261920,0.2604,0.0648,0.0078,0.0057112237321092305,0.010644529815325205
5,7,monte_carlo,5000,20261920,0.315,0.0786,0.0128,0.010036990885136498,0.016311085360922132
5,8,monte_carlo,5000,20261920,0.3742,0.1048,0.0218,0.018104316188142542,0.026229940915439637
5,9,monte_carlo,5000,20261920,0.4306,0.1492,0.034,0.02932354706575434,0.039391977422470886
5,10,monte_carlo,5000,20261920,0.491,0.1648,0.0428,0.03753178060686818,0.04877023183093561
5,11,monte_carlo,5000,20261920,0.6454,0.3814,0.1094,0.10104590915466118,0.11835384162881686
5,12,monte_carlo,5000,20261920,0.6582,0.389,0.0946,0.08679621468358349,0.10302626091196694
5,13,monte_carlo,5000,20261920,0.6628,0.421,0.0866,0.07911811547364421,0.0947166438041075
5,14,monte_carlo,5000,20261920,0.6684,0.412,0.0758,0.06878476483684039,0.08346657741188308
5,15,monte_carlo,5000,20261920,0.6768,0.458,0.0656,0.059065423534122884,0.07280158040940725
5,16,monte_carlo,5000,20261920,0.6724,0.439,0.0594,0.05318015523768949,0.06629636855954664
5,17,monte_carlo,5000,20261920,0.6728,0.4582,0.0504,0.04467371489903304,0.05681662804067953
5,18,monte_carlo,5000,20261920,0.6678,0.456,0.0392,0.034164850879234925,0.044942689215559446
5,19,monte_carlo,5000,20261920,0.6612,0.4714,0.0252,0.021206521746936602,0.029922514791710035
5,20,monte_carlo,5000,20261920,0.881,0.4322,0.06,0.05374886436212993,0.06692673815894108
5,21,monte_carlo,5000,20261920,0.5988,0.3018,0,0,0.000767730137580694
5,22,monte_carlo,5000,20261920,0.5756,0.2718,0,0,0.000767730137580694
5,23,monte_carlo,5000,20261920,0.5572,0.2536,0,0,0.000767730137580694
5,24,monte_carlo,5000,20261920,0.5234,0.2202,0,0,0.000767730137580694
5,25,monte_carlo,5000,20261920,0.5026,0.2078,0,0,0.000767730137580694
5,26,monte_carlo,5000,20261920,0.4668,0.1702,0,0,0.000767730137580694
5,27,monte_carlo,5000,20261920,0.441,0.1582,0,0,0.000767730137580694
5,28,monte_carlo,5000,20261920,0.4036,0.1274,0,0,0.000767730137580694
5,29,monte_carlo,5000,20261920,0.3748,0.1058,0,0,0.000767730137580694
5,30,monte_carlo,5000,20261920,0.404,0.0794,0,0,0.000767730137580694
5,31,monte_carlo,5000,20261920,0.2602,0.046,0,0,0.000767730137580694
5,32,monte_carlo,5000,20261920,0.2262,0.04,0,0,0.000767730137580694
5,33,monte_carlo,5000,20261920,0.192,0.0314,0,0,0.000767730137580694
5,34,monte_carlo,5000,20261920,0.1728,0.0244,0,0,0.000767730137580694
5,35,monte_carlo,5000,20261920,0.1532,0.0192,0,0,0.000767730137580694
5,36,monte_carlo,5000,20261920,0.1248,0.0138,0,0,0.000767730137580694
5,37,monte_carlo,5000,20261920,0.1086,0.0088,0,0,0.000767730137580694
5,38,monte_carlo,5000,20261920,0.088,0.0044,0,0,0.000767730137580694
5,39,monte_carlo,5000,20261920,0.0734,0.0044,0,0,0.000767730137580694
5,40,monte_carlo,5000,20261920,0.064,0.0024,0,0,0.000767730137580694
5,41,monte_carlo,5000,20261920,0.0314,0,0,0,0.000767730137580694
5,42,monte_carlo,5000,20261920,0.0282,0,0,0,0.000767730137580694
5,43,monte_carlo,5000,20261920,0.0228,0,0,0,0.000767730137580694
5,44,monte_carlo,5000,20261920,0.015,0,0,0,0.000767730137580694
5,45,monte_carlo,5000,20261920,0.0116,0,0,0,0.000767730137580694
5,46,monte_carlo,5000,20261920,0.0084,0,0,0,0.000767730137580694
5,47,monte_carlo,5000,20261920,0.0052,0,0,0,0.000767730137580694
5,48,monte_carlo,5000,20261920,0.004,0,0,0,0.000767730137580694
5,49,monte_carlo,5000,20261920,0.0036,0,0,0,0.000767730137580694
5,50,monte_carlo,5000,20261920,0.0024,0,0,0,0.000767730137580694
6,2,monte_carlo,5000,20261921,0.0594,0.0036,0,0,0.000767730137580694
6,3,monte_carlo,5000,20261921,0.141,0.036,0.0024,0.001373451819731108,0.004190593213189199
6,4,monte_carlo,5000,20261921,0.2018,0.0392,0.0066,0.004703481688179132,0.009254114411585497
6,5,monte_carlo,5000,20261921,0.3032,0.0882,0.0146,0.011628394959642338,0.018316917457921
6,6,monte_carlo,5000,20261921,0.3556,0.1082,0.0262,0.02212304751109084,0.031004453567280637
6,7,monte_carlo,5000,20261921,0.4408,0.1592,0.0468,0.0412854003386195,0.05301047025808365
6,8,monte_carlo,5000,20261921,0.5054,0.2058,0.0632,0.056785048069848944,0.07028564097834156
6,9,monte_carlo,5000,20261921,0.5756,0.2708,0.0836,0.07624382448049515,0.09159554117808204
6,10,monte_carlo,5000,20261921,0.6506,0.319,0.107,0.09873151280686589,0.11587192308127255
6,11,monte_carlo,5000,20261921,0.7734,0.5584,0.2576,0.24566763816326265,0.2699045574074366
6,12,monte_carlo,5000,20261921,0.79,0.5852,0.2568,0.2448805546607951,0.2690928692781242
6,13,monte_carlo,5000,20261921,0.789,0.6424,0.252,0.24015917473143,0.2642216194168101
6,14,monte_carlo,5000,20261921,0.7974,0.6514,0.2436,0.23190147016284496,0.2556922218517065
6,15,monte_carlo,5000,20261921,0.8084,0.6916,0.2256,0.21422747055117505,0.23739385974832924
6,16,monte_carlo,5000,20261921,0.8092,0.6998,0.2052,0.19423424909019116,0.2166184045989264
6,17,monte_carlo,5000,20261921,0.8134,0.7376,0.1882,0.1776064794830533,0.19927227703074202
6,18,monte_carlo,5000,20261921,0.8262,0.7496,0.16,0.15009977506439579,0.17042228142915908
6,19,monte_carlo,5000,20261921,0.8258,0.781,0.1412,0.1318228556583487,0.15112806748837918
6,20,monte_carlo,5000,20261921,0.9832,0.8772,0.2458,0.2340636143093148,0.2579266996926312
6,21,monte_carlo,5000,20261921,0.8108,0.7018,0.0332,0.028581344042841024,0.03853540881360432
6,22,monte_carlo,5000,20261921,0.808,0.6964,0.0234,0.01956133244721663,0.027970467919925298
6,23,monte_carlo,5000,20261921,0.794,0.6608,0.0176,0.014308195226544798,0.02163251081019306
6,24,monte_carlo,5000,20261921,0.7868,0.6276,0.013,0.0102131038076004,0.016534665346403195
6,25,monte_carlo,5000,20261921,0.7704,0.619,0.007,0.005037604888092059,0.009719377027562506
6,26,monte_carlo,5000,20261921,0.7548,0.5734,0.0036,0.0022784219199114787,0.005683780560678634
6,27,monte_carlo,5000,20261921,0.7306,0.5372,0.0024,0.001373451819731108,0.004190593213189199
6,28,monte_carlo,5000,20261921,0.7204,0.4936,0.0002,0.000035304875272480036,0.0011321181702531819
6,29,monte_carlo,5000,20261921,0.6934,0.4676,0.0008,0.0003111419445903861,0.0020553598247701793
6,30,monte_carlo,5000,20261921,0.7578,0.383,0.0002,0.000035304875272480036,0.0011321181702531819
6,31,monte_carlo,5000,20261921,0.591,0.3202,0,0,0.000767730137580694
6,32,monte_carlo,5000,20261921,0.554,0.2698,0,0,0.000767730137580694
6,33,monte_carlo,5000,20261921,0.4948,0.2294,0,0,0.000767730137580694
6,34,monte_carlo,5000,20261921,0.4462,0.1932,0,0,0.000767730137580694
6,35,monte_carlo,5000,20261921,0.4144,0.1644,0,0,0.000767730137580694
6,36,monte_carlo,5000,20261921,0.3646,0.1286,0,0,0.000767730137580694
6,37,monte_carlo,5000,20261921,0.3176,0.1056,0,0,0.000767730137580694
6,38,monte_carlo,5000,20261921,0.2798,0.0812,0,0,0.000767730137580694
6,39,monte_carlo,5000,20261921,0.2354,0.0698,0,0,0.000767730137580694
6,40,monte_carlo,5000,20261921,0.2172,0.0448,0,0,0.000767730137580694
6,41,monte_carlo,5000,20261921,0.146,0.0304,0,0,0.000767730137580694
6,42,monte_carlo,5000,20261921,0.1084,0.019,0,0,0.000767730137580694
6,43,monte_carlo,5000,20261921,0.0842,0.0172,0,0,0.000767730137580694
6,44,monte_carlo,5000,20261921,0.0678,0.0116,0,0,0.000767730137580694
6,45,monte_carlo,5000,20261921,0.051,0.0096,0,0,0.000767730137580694
6,46,monte_carlo,5000,20261921,0.0348,0.005,0,0,0.000767730137580694
6,47,monte_carlo,5000,20261921,0.026,0.004,0,0,0.000767730137580694
6,48,monte_carlo,5000,20261921,0.0178,0.0018,0,0,0.000767730137580694
6,49,monte_carlo,5000,20261921,0.016,0.0032,0,0,0.000767730137580694
6,50,monte_carlo,5000,20261921,0.0082,0.0002,0,0,0.000767730137580694
7,2,monte_carlo,5000,20261922,0.087,0.0052,0.0002,0.000035304875272480036,0.0011321181702531819
7,3,monte_carlo,5000,20261922,0.1816,0.0598,0.0062,0.004371360588064539,0.008786849695810154
7,4,monte_carlo,5000,20261922,0.2688,0.0708,0.0162,0.0130538002633094,0.02008905541781368
7,5,monte_carlo,5000,20261922,0.3776,0.1388,0.0308,0.02635943295806432,0.035961005003041405
7,6,monte_carlo,5000,20261922,0.4478,0.1814,0.0496,0.04391998748548934,0.055971583822443355
7,7,monte_carlo,5000,20261922,0.5382,0.258,0.0876,0.0800768398245344,0.09575638399294215
7,8,monte_carlo,5000,20261922,0.6194,0.3212,0.1178,0.10915636648277377,0.1270304864343929
7,9,monte_carlo,5000,20261922,0.6846,0.4032,0.1644,0.15438479768727975,0.17493050278106442
7,10,monte_carlo,5000,20261922,0.7564,0.49,0.227,0.21560104592798782,0.2388181347271313
7,11,monte_carlo,5000,20261922,0.8534,0.6904,0.4088,0.39524827380280425,0.4224917601742906
7,12,monte_carlo,5000,20261922,0.8644,0.7164,0.429,0.4153408157563847,0.4427682019231518
7,13,monte_carlo,5000,20261922,0.8774,0.7622,0.4376,0.4239021625642657,0.45139365015690447
7,14,monte_carlo,5000,20261922,0.887,0.7822,0.4374,0.42370301374460023,0.451193106068625
7,15,monte_carlo,5000,20261922,0.884,0.81,0.4398,0.4260929491713663,0.45359948553719853
7,16,monte_carlo,5000,20261922,0.8982,0.8282,0.423,0.4093702819241158,0.4367479485170717
7,17,monte_carlo,5000,20261922,0.9016,0.859,0.4306,0.4169333056727964,0.4443732552702999
7,18,monte_carlo,5000,20261922,0.905,0.8596,0.3994,0.385906353280362,0.41304811402331926
7,19,monte_carlo,5000,20261922,0.8956,0.874,0.3706,0.3573169956864281,0.3840816928731779
7,20,monte_carlo,5000,20261922,0.9974,0.984,0.6154,0.601831181444788,0.6287916264394583
7,21,monte_carlo,5000,20261922,0.8986,0.8662,0.196,0.18523173295595508,0.20723504696769401
7,22,monte_carlo,5000,20261922,0.9026,0.8684,0.1592,0.14932096934127684,0.16960231552049818
7,23,monte_carlo,5000,20261922,0.897,0.8708,0.1256,0.11670058306098505,0.13507429326603534
7,24,monte_carlo,5000,20261922,0.901,0.87,0.097,0.08910317955861746,0.10551561093227257
7,25,monte_carlo,5000,20261922,0.8804,0.8598,0.0716,0.0647775435826546,0.07908024759922454
7,26,monte_carlo,5000,20261922,0.8888,0.8598,0.046,0.040533692983861225,0.05216340598106205
7,27,monte_carlo,5000,20261922,0.8818,0.8514,0.0386,0.03360484048720849,0.04430362088375099
7,28,monte_carlo,5000,20261922,0.8718,0.8368,0.0232,0.019378917302925274,0.027753190156271677
7,29,monte_carlo,5000,20261922,0.8504,0.8012,0.0128,0.010036990885136498,0.016311085360922132
7,30,monte_carlo,5000,20261922,0.9334,0.8208,0.0118,0.009159379464301861,0.015190232242031929
7,31,monte_carlo,5000,20261922,0.8102,0.7018,0,0,0.000767730137580694
7,32,monte_carlo,5000,20261922,0.7924,0.6616,0,0,0.000767730137580694
7,33,monte_carlo,5000,20261922,0.7532,0.6126,0,0,0.000767730137580694
7,34,monte_carlo,5000,20261922,0.7232,0.5542,0,0,0.000767730137580694
7,35,monte_carlo,5000,20261922,0.6734,0.4982,0,0,0.000767730137580694
7,36,monte_carlo,5000,20261922,0.6302,0.4386,0,0,0.000767730137580694
7,37,monte_carlo,5000,20261922,0.5816,0.3828,0,0,0.000767730137580694
7,38,monte_carlo,5000,20261922,0.5196,0.3098,0,0,0.000767730137580694
7,39,monte_carlo,5000,20261922,0.46,0.2608,0,0,0.000767730137580694
7,40,monte_carlo,5000,20261922,0.4454,0.2064,0,0,0.000767730137580694
7,41,monte_carlo,5000,20261922,0.334,0.1492,0,0,0.000767730137580694
7,42,monte_carlo,5000,20261922,0.269,0.1136,0,0,0.000767730137580694
7,43,monte_carlo,5000,20261922,0.2214,0.0878,0,0,0.000767730137580694
7,44,monte_carlo,5000,20261922,0.1766,0.0664,0,0,0.000767730137580694
7,45,monte_carlo,5000,20261922,0.1356,0.0444,0,0,0.000767730137580694
7,46,monte_carlo,5000,20261922,0.1024,0.0334,0,0,0.000767730137580694
7,47,monte_carlo,5000,20261922,0.0814,0.022,0,0,0.000767730137580694
7,48,monte_carlo,5000,20261922,0.048,0.0084,0,0,0.000767730137580694
7,49,monte_carlo,5000,20261922,0.0308,0.0056,0,0,0.000767730137580694
7,50,monte_carlo,5000,20261922,0.024,0.002,0,0,0.000767730137580694
8,2,monte_carlo,5000,20261923,0.1124,0.0082,0,0,0.000767730137580694
8,3,monte_carlo,5000,20261923,0.2296,0.0796,0.009,0.00673319292420765,0.01202071807089659
8,4,monte_carlo,5000,20261923,0.3432,0.1132,0.0258,0.021756230091548756,0.030571885170932782
8,5,monte_carlo,5000,20261923,0.4516,0.206,0.0498,0.044108379342387996,0.05618288487348966
8,6,monte_carlo,5000,20261923,0.5466,0.2662,0.0938,0.08602757644155519,0.10219612752221537
8,7,monte_carlo,5000,20261923,0.6466,0.3784,0.1456,0.13609557345099238,0.15564859367052486
8,8,monte_carlo,5000,20261923,0.7214,0.4414,0.2162,0.2050097641621205,0.22782599946397034
8,9,monte_carlo,5000,20261923,0.7902,0.5558,0.2894,0.27699553767403645,0.3021278302599126
8,10,monte_carlo,5000,20261923,0.8478,0.6348,0.366,0.3527553009469843,0.3794504507298874
8,11,monte_carlo,5000,20261923,0.914,0.803,0.5744,0.5606430219626167,0.5880427397929112
8,12,monte_carlo,5000,20261923,0.931,0.8296,0.583,0.5692743714335972,0.5965981853635643
8,13,monte_carlo,5000,20261923,0.9354,0.8632,0.6048,0.5911730664324568,0.6182660173307062
8,14,monte_carlo,5000,20261923,0.9422,0.8792,0.6168,0.6032393597238628,0.6301812985159985
8,15,monte_carlo,5000,20261923,0.9446,0.8994,0.6196,0.6060560706936812,0.6329602882574096
8,16,monte_carlo,5000,20261923,0.9526,0.9076,0.622,0.6084707717397413,0.6353419021066891
8,17,monte_carlo,5000,20261923,0.9522,0.9222,0.6258,0.6122947640827537,0.639112075014631
8,18,monte_carlo,5000,20261923,0.959,0.9292,0.6398,0.626390810354662,0.6529945322988704
8,19,monte_carlo,5000,20261923,0.9564,0.9424,0.6124,0.5988140529684032,0.6258133612966688
8,20,monte_carlo,5000,20261923,0.9998,0.9988,0.8858,0.8766862108148995,0.8943214086109433
8,21,monte_carlo,5000,20261923,0.9548,0.938,0.5032,0.48934385498663796,0.5170512315404814
8,22,monte_carlo,5000,20261923,0.9596,0.9454,0.459,0.44522412487844404,0.47283882899283775
8,23,monte_carlo,5000,20261923,0.9546,0.9436,0.4042,0.39067604903572234,0.41787104805863823
8,24,monte_carlo,5000,20261923,0.9558,0.945,0.3416,0.3285806593278571,0.35486255757972857
8,25,monte_carlo,5000,20261923,0.949,0.9422,0.2766,0.2643760919007278,0.2891669299247434
8,26,monte_carlo,5000,20261923,0.9534,0.9444,0.2184,0.20716632908064933,0.23006605653283616
8,27,monte_carlo,5000,20261923,0.9472,0.9414,0.1666,0.15652830044850186,0.17718362200723697
8,28,monte_carlo,5000,20261923,0.947,0.9406,0.1354,0.1261955012341572,0.1451643275821666
8,29,monte_carlo,5000,20261923,0.941,0.9288,0.0956,0.08775726022700348,0.10406367990827181
8,30,monte_carlo,5000,20261923,0.9788,0.9608,0.0996,0.09160412207492812,0.1082106762192465
8,31,monte_carlo,5000,20261923,0.9252,0.8994,0.02,0.016471933678631395,0.024265087253446074
8,32,monte_carlo,5000,20261923,0.9178,0.8832,0.0114,0.008809803672749156,0.014740422217694699
8,33,monte_carlo,5000,20261923,0.8944,0.8472,0.0074,0.005373566400957179,0.010182801330587321
8,34,monte_carlo,5000,20261923,0.864,0.8062,0.0034,0.0021239187553747756,0.00543859081727037
8,35,monte_carlo,5000,20261923,0.832,0.7614,0.0026,0.0015201123516485658,0.004443625589216709
8,36,monte_carlo,5000,20261923,0.8096,0.7048,0.0004,0.0001096989857531115,0.001457416967717518
8,37,monte_carlo,5000,20261923,0.761,0.6482,0.0002,0.000035304875272480036,0.0011321181702531819
8,38,monte_carlo,5000,20261923,0.7164,0.5844,0.0002,0.000035304875272480036,0.0011321181702531819
8,39,monte_carlo,5000,20261923,0.666,0.514,0,0,0.000767730137580694
8,40,monte_carlo,5000,20261923,0.6436,0.4418,0,0,0.000767730137580694
8,41,monte_carlo,5000,20261923,0.5292,0.3482,0,0,0.000767730137580694
8,42,monte_carlo,5000,20261923,0.4602,0.2776,0,0,0.000767730137580694
8,43,monte_carlo,5000,20261923,0.3908,0.217,0,0,0.000767730137580694
8,44,monte_carlo,5000,20261923,0.317,0.1588,0,0,0.000767730137580694
8,45,monte_carlo,5000,20261923,0.2474,0.114,0,0,0.000767730137580694
8,46,monte_carlo,5000,20261923,0.1838,0.077,0,0,0.000767730137580694
8,47,monte_carlo,5000,20261923,0.1444,0.0536,0,0,0.000767730137580694
8,48,monte_carlo,5000,20261923,0.1012,0.0328,0,0,0.000767730137580694
8,49,monte_carlo,5000,20261923,0.068,0.022,0,0,0.000767730137580694
8,50,monte_carlo,5000,20261923,0.047,0.0064,0,0,0.000767730137580694
9,2,monte_carlo,5000,20261924,0.1364,0.0146,0.0012,0.0005500756587335479,0.002615811926516952
9,3,monte_carlo,5000,20261924,0.2878,0.1132,0.0138,0.010919380389000657,0.01742716039678281
9,4,monte_carlo,5000,20261924,0.408,0.1564,0.0446,0.03921936574067707,0.05067988286863144
9,5,monte_carlo,5000,20261924,0.5364,0.2874,0.0922,0.08449083708978161,0.10053532361042922
9,6,monte_carlo,5000,20261924,0.642,0.3722,0.147,0.13745571987792823,0.15708629759920376
9,7,monte_carlo,5000,20261924,0.7276,0.4844,0.2294,0.21795617511072485,0.2412593204397338
9,8,monte_carlo,5000,20261924,0.7962,0.5714,0.3218,0.30899185696277714,0.33488176205825665
9,9,monte_carlo,5000,20261924,0.8606,0.6794,0.4044,0.39087481569627064,0.4180719743060349
9,10,monte_carlo,5000,20261924,0.9138,0.7594,0.5152,0.50134075691657,0.5290359040872477
9,11,monte_carlo,5000,20261924,0.9542,0.887,0.6912,0.6782513416473657,0.7038550783480235
9,12,monte_carlo,5000,20261924,0.959,0.8968,0.7126,0.6998964964952932,0.7249770646502076
9,13,monte_carlo,5000,20261924,0.9646,0.9262,0.7252,0.7126567004825242,0.7373975138635094
9,14,monte_carlo,5000,20261924,0.9712,0.934,0.752,0.7398392420195722,0.7637738219910871
9,15,monte_carlo,5000,20261924,0.972,0.948,0.7588,0.7467458733500961,0.7704567495306921
9,16,monte_carlo,5000,20261924,0.9768,0.9538,0.7734,0.7615887821038486,0.7847914230569223
9,17,monte_carlo,5000,20261924,0.9772,0.9644,0.765,0.7530466546301549,0.7765464483969275
9,18,monte_carlo,5000,20261924,0.9802,0.9644,0.7776,0.765862325205927,0.7889114310216881
9,19,monte_carlo,5000,20261924,0.978,0.9718,0.7642,0.7522334565262706,0.7757608748690318
9,20,monte_carlo,5000,20261924,1,0.9996,0.979,0.9746423952842392,0.9826221192439585
9,21,monte_carlo,5000,20261924,0.978,0.9706,0.7446,0.7323277128448179,0.7564967135718778
9,22,monte_carlo,5000,20261924,0.9796,0.972,0.7214,0.7088071077855675,0.7336529413095119
9,23,monte_carlo,5000,20261924,0.9774,0.9728,0.6908,0.6778470713547927,0.7034599628247064
9,24,monte_carlo,5000,20261924,0.9828,0.9762,0.667,0.6538127788965892,0.6799307992374589
9,25,monte_carlo,5000,20261924,0.9766,0.9724,0.6076,0.593987766848444,0.6210470176259487
9,26,monte_carlo,5000,20261924,0.9794,0.9754,0.5504,0.5365778426055066,0.5641447701966253
9,27,monte_carlo,5000,20261924,0.9754,0.9736,0.4792,0.465373980539843,0.49305795703388045
9,28,monte_carlo,5000,20261924,0.9768,0.9752,0.4128,0.3992251236442205,0.4265087684917736
9,29,monte_carlo,5000,20261924,0.973,0.9704,0.3414,0.3283826635829473,0.3546608604166933
9,30,monte_carlo,5000,20261924,0.9938,0.9882,0.3542,0.3410595793023577,0.367564290805761
9,31,monte_carlo,5000,20261924,0.9678,0.9612,0.164,0.15399514022929817,0.1745207744231561
9,32,monte_carlo,5000,20261924,0.9628,0.9522,0.111,0.1025895694437185,0.1200077246033193
9,33,monte_carlo,5000,20261924,0.9542,0.9394,0.0808,0.07356379452906041,0.08867987041828725
9,34,monte_carlo,5000,20261924,0.9472,0.925,0.0552,0.04920460920892601,0.06187836352146578
9,35,monte_carlo,5000,20261924,0.9232,0.893,0.0336,0.028952351639763677,0.03896378703257159
9,36,monte_carlo,5000,20261924,0.9042,0.866,0.0194,0.015929549086400117,0.02360839312184245
9,37,monte_carlo,5000,20261924,0.8804,0.828,0.0114,0.008809803672749156,0.014740422217694699
9,38,monte_carlo,5000,20261924,0.8466,0.7774,0.0064,0.0045371596862706365,0.009020743505549026
9,39,monte_carlo,5000,20261924,0.804,0.712,0.0028,0.0016686615436143238,0.0046947693051959186
9,40,monte_carlo,5000,20261924,0.7936,0.6576,0.0014,0.0006783239436107811,0.002887256549584687
9,41,monte_carlo,5000,20261924,0.708,0.5642,0,0,0.000767730137580694
9,42,monte_carlo,5000,20261924,0.6256,0.4634,0,0,0.000767730137580694
9,43,monte_carlo,5000,20261924,0.5534,0.3926,0,0,0.000767730137580694
9,44,monte_carlo,5000,20261924,0.4752,0.3076,0,0,0.000767730137580694
9,45,monte_carlo,5000,20261924,0.3834,0.2356,0,0,0.000767730137580694
9,46,monte_carlo,5000,20261924,0.3046,0.1654,0,0,0.000767730137580694
9,47,monte_carlo,5000,20261924,0.2456,0.1238,0,0,0.000767730137580694
9,48,monte_carlo,5000,20261924,0.1706,0.0682,0,0,0.000767730137580694
9,49,monte_carlo,5000,20261924,0.1256,0.048,0,0,0.000767730137580694
9,50,monte_carlo,5000,20261924,0.079,0.0152,0,0,0.000767730137580694
10,2,monte_carlo,5000,20261925,0.1578,0.0172,0.0002,0.000035304875272480036,0.0011321181702531819
10,3,monte_carlo,5000,20261925,0.335,0.1454,0.0204,0.01683402366822501,0.024702383079742398
10,4,monte_carlo,5000,20261925,0.4784,0.2106,0.0612,0.05488683597118466,0.06818692399755616
10,5,monte_carlo,5000,20261925,0.604,0.3534,0.1326,0.12348090659087835,0.14228322151421596
10,6,monte_carlo,5000,20261925,0.7072,0.464,0.2158,0.20461771286398972,0.22741866494621116
10,7,monte_carlo,5000,20261925,0.7922,0.5812,0.3018,0.2892322285370667,0.31467209968947035
10,8,monte_carlo,5000,20261925,0.861,0.6758,0.424,0.4103652277016663,0.4377514672792461
10,9,monte_carlo,5000,20261925,0.9106,0.7784,0.5276,0.5137459455337661,0.5414116757626395
10,10,monte_carlo,5000,20261925,0.9438,0.8454,0.6384,0.624980658930288,0.6516068333676297
10,11,monte_carlo,5000,20261925,0.9728,0.9328,0.7852,0.7735997409773634,0.7963623457521607
10,12,monte_carlo,5000,20261925,0.98,0.941,0.8124,0.801340531430262,0.8229797907797778
10,13,monte_carlo,5000,20261925,0.9794,0.9556,0.818,0.8070621161948485,0.8284496074376501
10,14,monte_carlo,5000,20261925,0.9856,0.9672,0.849,0.8388076465023572,0.8586564778616116
10,15,monte_carlo,5000,20261925,0.9832,0.9714,0.8398,0.8293727411490303,0.84970550944947
10,16,monte_carlo,5000,20261925,0.991,0.9774,0.8632,0.8533956290227735,0.8724466918052878
10,17,monte_carlo,5000,20261925,0.9828,0.9748,0.8504,0.8402444878242238,0.8600174868953597
10,18,monte_carlo,5000,20261925,0.9912,0.983,0.8722,0.8626590711760668,0.8811694305095182
10,19,monte_carlo,5000,20261925,0.9874,0.9846,0.8632,0.8533956290227735,0.8724466918052878
10,20,monte_carlo,5000,20261925,1,1,0.997,0.9950557896299472,0.9981810866132976
10,21,monte_carlo,5000,20261925,0.9864,0.9824,0.8572,0.8472277444516874,0.8666237891380251
10,22,monte_carlo,5000,20261925,0.9908,0.9868,0.8594,0.8494886107698736,0.8687595448072336
10,23,monte_carlo,5000,20261925,0.9876,0.9852,0.8422,0.8318328425968559,0.8520417228969838
10,24,monte_carlo,5000,20261925,0.9914,0.9896,0.8474,0.8371659034569481,0.8571006776434611
10,25,monte_carlo,5000,20261925,0.9868,0.9848,0.8148,0.8037921853237242,0.8253244517816549
10,26,monte_carlo,5000,20261925,0.993,0.991,0.8036,0.7923567898486168,0.8143770444118441
10,27,monte_carlo,5000,20261925,0.9842,0.9832,0.7562,0.7441046263619279,0.7679019887155757
10,28,monte_carlo,5000,20261925,0.99,0.989,0.7188,0.7061738157679498,0.731090225523845
10,29,monte_carlo,5000,20261925,0.9852,0.9846,0.6602,0.6469528104538868,0.6732012088100324
10,30,monte_carlo,5000,20261925,0.9984,0.9974,0.6916,0.6786556231684893,0.7042501826427898
10,31,monte_carlo,5000,20261925,0.9842,0.9826,0.476,0.4621804104439694,0.48985644060263456
10,32,monte_carlo,5000,20261925,0.9864,0.9834,0.3988,0.3853102365819502,0.4124451519978962
10,33,monte_carlo,5000,20261925,0.9788,0.9742,0.3162,0.3034563639908172,0.32922585360775747
10,34,monte_carlo,5000,20261925,0.9776,0.9706,0.248,0.23622617800891288,0.2601607579804278
10,35,monte_carlo,5000,20261925,0.9632,0.9526,0.1856,0.17506627812913003,0.19661647058138068
10,36,monte_carlo,5000,20261925,0.9584,0.9418,0.1316,0.1225117432935381,0.14125392027183137
10,37,monte_carlo,5000,20261925,0.9348,0.917,0.0838,0.07643535426802546,0.0918037042984967
10,38,monte_carlo,5000,20261925,0.9238,0.893,0.0564,0.05033948350222228,0.06314164667583931
10,39,monte_carlo,5000,20261925,0.8926,0.845,0.0326,0.028025191999595418,0.037892482133015014
10,40,monte_carlo,5000,20261925,0.8932,0.817,0.0258,0.021756230091548756,0.030571885170932782
10,41,monte_carlo,5000,20261925,0.8236,0.7282,0.0044,0.00290754291665071,0.006653431195719275
10,42,monte_carlo,5000,20261925,0.7658,0.6558,0.0046,0.003067229476888848,0.006893437543426104
10,43,monte_carlo,5000,20261925,0.6894,0.564,0.0024,0.001373451819731108,0.004190593213189199
10,44,monte_carlo,5000,20261925,0.6102,0.4576,0.0016,0.0008109653833484613,0.0031543080177919747
10,45,monte_carlo,5000,20261925,0.5234,0.3742,0.0004,0.0001096989857531115,0.001457416967717518
10,46,monte_carlo,5000,20261925,0.428,0.2758,0.0002,0.000035304875272480036,0.0011321181702531819
10,47,monte_carlo,5000,20261925,0.3342,0.2042,0,0,0.000767730137580694
10,48,monte_carlo,5000,20261925,0.2596,0.13,0,0,0.000767730137580694
10,49,monte_carlo,5000,20261925,0.1834,0.091,0,0,0.000767730137580694
10,50,monte_carlo,5000,20261925,0.1486,0.0358,0,0,0.000767730137580694
11,2,monte_carlo,5000,20261926,0.199,0.0286,0.0008,0.0003111419445903861,0.0020553598247701793
11,3,monte_carlo,5000,20261926,0.4004,0.1984,0.0272,0.023041255396114943,0.032084710221981366
11,4,monte_carlo,5000,20261926,0.5498,0.262,0.1022,0.09410680360401788,0.11090400249344132
11,5,monte_carlo,5000,20261926,0.6828,0.4462,0.1822,0.17174567892933162,0.1931422903461147
11,6,monte_carlo,5000,20261926,0.7774,0.5576,0.2928,0.2803496418415376,0.3055685055274759
11,7,monte_carlo,5000,20261926,0.8598,0.6902,0.4262,0.4125543102018891,0.4399590067664179
11,8,monte_carlo,5000,20261926,0.913,0.7688,0.5356,0.5217538305447114,0.5493915070694928
11,9,monte_carlo,5000,20261926,0.9394,0.8518,0.6486,0.6352574398215638,0.6617143907815473
11,10,monte_carlo,5000,20261926,0.9718,0.9096,0.759,0.7469490708537186,0.7706532449350146
11,11,monte_carlo,5000,20261926,0.9856,0.9632,0.87,0.8603933345946768,0.8790385451035134
11,12,monte_carlo,5000,20261926,0.9878,0.9676,0.8832,0.8740016566942667,0.8918099549282915
11,13,monte_carlo,5000,20261926,0.9896,0.9772,0.8936,0.8847487655427383,0.9018468772929581
11,14,monte_carlo,5000,20261926,0.9932,0.9814,0.9016,0.893032980290516,0.9095503788629792
11,15,monte_carlo,5000,20261926,0.9928,0.9862,0.9124,0.9042436160070579,0.9199231601754656
11,16,monte_carlo,5000,20261926,0.9968,0.9908,0.9254,0.91778596704691,0.9323608481520365
11,17,monte_carlo,5000,20261926,0.995,0.9934,0.9222,0.9144470339470463,0.9293046947247807
11,18,monte_carlo,5000,20261926,0.997,0.9922,0.9332,0.9259414401692627,0.9397933984395375
11,19,monte_carlo,5000,20261926,0.997,0.996,0.9254,0.91778596704691,0.9323608481520365
11,20,monte_carlo,5000,20261926,1,1,0.9994,0.99823726209947,0.9997959290391145
11,21,monte_carlo,5000,20261926,0.995,0.9926,0.925,0.9173683919473105,0.9319790374357461
11,22,monte_carlo,5000,20261926,0.9958,0.9932,0.9256,0.9179947773958451,0.9325517307110461
11,23,monte_carlo,5000,20261926,0.9954,0.9938,0.9206,0.9127789599448746,0.9277752254633926
11,24,monte_carlo,5000,20261926,0.997,0.996,0.9202,0.9123620821285768,0.9273927174638005
11,25,monte_carlo,5000,20261926,0.9954,0.9942,0.9148,0.9067395149792046,0.9222235760986583
11,26,monte_carlo,5000,20261926,0.9972,0.9966,0.915,0.90694758810914,0.9224151958766682
11,27,monte_carlo,5000,20261926,0.9958,0.9954,0.8918,0.882886951678448,0.900111454985744
11,28,monte_carlo,5000,20261926,0.997,0.9968,0.8742,0.8647196112829985,0.8831058194820363
11,29,monte_carlo,5000,20261926,0.9964,0.996,0.8386,0.8281429940300123,0.848537099120818
11,30,monte_carlo,5000,20261926,0.9994,0.9994,0.8722,0.8626590711760668,0.8811694305095182
11,31,monte_carlo,5000,20261926,0.9952,0.9936,0.7528,0.7406515785466462,0.7645602570957931
11,32,monte_carlo,5000,20261926,0.9956,0.9932,0.6942,0.6812837275906569,0.7068180860239068
11,33,monte_carlo,5000,20261926,0.9926,0.991,0.6112,0.5976073525267428,0.6246219042906592
11,34,monte_carlo,5000,20261926,0.992,0.9884,0.5266,0.5127452104382552,0.5404139463184255
11,35,monte_carlo,5000,20261926,0.9876,0.9818,0.4398,0.4260929491713663,0.45359948553719853
11,36,monte_carlo,5000,20261926,0.982,0.9758,0.3578,0.34462684068922866,0.3711915017618994
11,37,monte_carlo,5000,20261926,0.973,0.9624,0.273,0.26082913238396305,0.28551941709849876
11,38,monte_carlo,5000,20261926,0.9614,0.9488,0.1994,0.18855768516874516,0.21070387418996833
11,39,monte_carlo,5000,20261926,0.947,0.9186,0.1352,0.1260015563217742,0.14495857958660466
11,40,monte_carlo,5000,20261926,0.9416,0.9006,0.1116,0.10316858975030148,0.12062778302057121
11,41,monte_carlo,5000,20261926,0.9036,0.8514,0.0526,0.0467486087437704,0.05913835618333681
11,42,monte_carlo,5000,20261926,0.862,0.787,0.024,0.020109049431307507,0.02862182965966932
11,43,monte_carlo,5000,20261926,0.8072,0.7074,0.015,0.011983860272495058,0.018760837960958218
11,44,monte_carlo,5000,20261926,0.7322,0.6172,0.0082,0.006050451991838214,0.01110468737148616
11,45,monte_carlo,5000,20261926,0.6452,0.5114,0.0042,0.0027487533004756644,0.006412527903949351
11,46,monte_carlo,5000,20261926,0.5572,0.4038,0.003,0.0018189133867023654,0.004944210370052845
11,47,monte_carlo,5000,20261926,0.4476,0.3164,0.0002,0.000035304875272480036,0.0011321181702531819
11,48,monte_carlo,5000,20261926,0.3498,0.207,0.0004,0.0001096989857531115,0.001457416967717518
11,49,monte_carlo,5000,20261926,0.2572,0.1492,0,0,0.000767730137580694
11,50,monte_carlo,5000,20261926,0.2094,0.0634,0,0,0.000767730137580694
12,2,monte_carlo,5000,20261927,0.2208,0.033,0.0018,0.0009472826989451401,0.0034176836101402633
12,3,monte_carlo,5000,20261927,0.4416,0.23,0.0394,0.03435159664817165,0.04515563635456768
12,4,monte_carlo,5000,20261927,0.591,0.3138,0.1304,0.12134898366466097,0.1400185224530387
12,5,monte_carlo,5000,20261927,0.7294,0.5136,0.2384,0.22679263782394668,0.25040903858403557
12,6,monte_carlo,5000,20261927,0.8158,0.6158,0.3624,0.3491861923824271,0.37582508695143524
12,7,monte_carlo,5000,20261927,0.894,0.7582,0.5026,0.48874421927346756,0.5164517885298171
12,8,monte_carlo,5000,20261927,0.9386,0.8336,0.6434,0.6300174778033671,0.6565623371931746
12,9,monte_carlo,5000,20261927,0.964,0.9044,0.7444,0.7321247625500942,0.7562999709586564
12,10,monte_carlo,5000,20261927,0.9822,0.941,0.8346,0.8240452712567703,0.8446409637351608
12,11,monte_carlo,5000,20261927,0.9926,0.98,0.918,0.9100702362061264,0.9252879413988564
12,12,monte_carlo,5000,20261927,0.9966,0.9872,0.9344,0.9271984195905928,0.9409345764658771
12,13,monte_carlo,5000,20261927,0.9966,0.9908,0.9354,0.9282464017079518,0.9418850588882429
12,14,monte_carlo,5000,20261927,0.9958,0.9914,0.9534,0.94720125151783,0.9589025707934119
12,15,monte_carlo,5000,20261927,0.996,0.993,0.9512,0.9448738911135738,0.9568333092102735
12,16,monte_carlo,5000,20261927,0.9972,0.9942,0.9634,0.9578291526465533,0.9682593150619371
12,17,monte_carlo,5000,20261927,0.9974,0.9964,0.9576,0.9516544946701954,0.9628428787078908
12,18,monte_carlo,5000,20261927,0.9986,0.9976,0.9672,0.9618931605010621,0.9717894724583824
12,19,monte_carlo,5000,20261927,0.9982,0.9972,0.962,0.9563357937414921,0.9669548236113833
12,20,monte_carlo,5000,20261927,1,1,0.9998,0.998867881829747,0.9999646951247276
12,21,monte_carlo,5000,20261927,0.9986,0.9972,0.9596,0.9537801830203121,0.9647141194372237
12,22,monte_carlo,5000,20261927,0.9992,0.9988,0.9644,0.9588970772119317,0.9691898550362835
12,23,monte_carlo,5000,20261927,0.9978,0.9978,0.9594,0.9535674560672055,0.9645271534823855
12,24,monte_carlo,5000,20261927,0.9976,0.9968,0.9654,0.9599660822585451,0.970119314529395
12,25,monte_carlo,5000,20261927,0.9964,0.996,0.9582,0.952291837308575,0.9634046147933463
12,26,monte_carlo,5000,20261927,0.998,0.9974,0.9626,0.95697556252188,0.9675141335548304
12,27,monte_carlo,5000,20261927,0.9982,0.9978,0.9508,0.9444510991879493,0.9564567153200079
12,28,monte_carlo,5000,20261927,0.9984,0.9984,0.95,0.9436058408404854,0.955703202035692
12,29,monte_carlo,5000,20261927,0.9978,0.9976,0.9314,0.9240571628400265,0.9380804395972691
12,30,monte_carlo,5000,20261927,0.9992,0.9992,0.9516,0.9452967932215336,0.9572097929182036
12,31,monte_carlo,5000,20261927,0.9976,0.9974,0.8876,0.8785455962725959,0.8960592593247516
12,32,monte_carlo,5000,20261927,0.9982,0.9978,0.8566,0.8466112807835948,0.8660411740822826
12,33,monte_carlo,5000,20261927,0.996,0.9956,0.8008,0.7895001395296578,0.8116379940195736
12,34,monte_carlo,5000,20261927,0.995,0.9932,0.7552,0.7430889198139231,0.7669192307238556
12,35,monte_carlo,5000,20261927,0.9914,0.9892,0.6822,0.6691579536116323,0.6949622855262334
12,36,monte_carlo,5000,20261927,0.991,0.99,0.6064,0.5927814096982741,0.619855217328449
12,37,monte_carlo,5000,20261927,0.9878,0.9848,0.5064,0.4925422488282595,0.5202479242259793
12,38,monte_carlo,5000,20261927,0.9824,0.9772,0.4214,0.4077784880983069,0.4351421990793209
12,39,monte_carlo,5000,20261927,0.9774,0.9674,0.3278,0.3149251037939511,0.3409393024654317
12,40,monte_carlo,5000,20261927,0.9744,0.955,0.2662,0.2541320976079444,0.27862689300438837
12,41,monte_carlo,5000,20261927,0.9516,0.9268,0.1602,0.15029449055053004,0.17062725885096983
12,42,monte_carlo,5000,20261927,0.9296,0.8884,0.1034,0.09526245757537605,0.11214650596975298
12,43,monte_carlo,5000,20261927,0.8812,0.8206,0.0564,0.05033948350222228,0.06314164667583931
12,44,monte_carlo,5000,20261927,0.8326,0.744,0.0296,0.0252513016267787,0.034670978886657225
12,45,monte_carlo,5000,20261927,0.7622,0.6674,0.016,0.012875123748789068,0.01986803902438905
12,46,monte_carlo,5000,20261927,0.6752,0.5516,0.0062,0.004371360588064539,0.008786849695810154
12,47,monte_carlo,5000,20261927,0.5726,0.4406,0.0028,0.0016686615436143238,0.0046947693051959186
12,48,monte_carlo,5000,20261927,0.4572,0.3084,0.0008,0.0003111419445903861,0.0020553598247701793
12,49,monte_carlo,5000,20261927,0.3438,0.2182,0.0002,0.000035304875272480036,0.0011321181702531819
12,50,monte_carlo,5000,20261927,0.2866,0.1046,0.0002,0.000035304875272480036,0.0011321181702531819
